{
  "small": {
    "count": 20,
    "successes": 20,
    "p50_ms": 15.000000013969839,
    "p95_ms": 31.00000007543713,
    "avg_ms": 37.40000000107102,
    "all_ms": [
      515.999999945052,
      16.00000006146729,
      31.00000007543713,
      0.0,
      15.999999945051968,
      0.0,
      15.000000013969839,
      15.999999945051968,
      16.00000006146729,
      15.000000013969839,
      0.0,
      0.0,
      0.0,
      15.000000013969839,
      15.000000013969839,
      0.0,
      15.000000013969839,
      15.000000013969839,
      30.999999959021807,
      15.999999945051968
    ]
  },
  "medium": {
    "count": 20,
    "successes": 20,
    "p50_ms": 15.000000013969839,
    "p95_ms": 32.00000000651926,
    "avg_ms": 53.14999999245629,
    "all_ms": [
      843.9999999245629,
      0.0,
      0.0,
      0.0,
      0.0,
      15.999999945051968,
      0.0,
      0.0,
      15.000000013969839,
      15.999999945051968,
      32.00000000651926,
      32.00000000651926,
      0.0,
      0.0,
      30.999999959021807,
      15.000000013969839,
      15.000000013969839,
      15.000000013969839,
      0.0,
      32.00000000651926
    ]
  },
  "large": {
    "count": 20,
    "successes": 20,
    "p50_ms": 15.000000013969839,
    "p95_ms": 31.00000007543713,
    "avg_ms": 64.80000000447035,
    "all_ms": [
      1094.0000000409782,
      0.0,
      15.000000013969839,
      15.999999945051968,
      15.999999945051968,
      0.0,
      0.0,
      0.0,
      31.00000007543713,
      16.00000006146729,
      15.000000013969839,
      15.999999945051968,
      0.0,
      15.000000013969839,
      15.999999945051968,
      0.0,
      15.000000013969839,
      15.000000013969839,
      0.0,
      16.00000006146729
    ]
  }
}