{
  "small": {
    "count": 30,
    "successes": 30,
    "p50_ms": 15.000000013969839,
    "p95_ms": 16.00000006146729,
    "avg_ms": 35.93333335593343,
    "all_ms": [
      797.0000000204891,
      15.999999945051968,
      0.0,
      0.0,
      15.000000013969839,
      0.0,
      16.00000006146729,
      0.0,
      16.00000006146729,
      0.0,
      16.00000006146729,
      0.0,
      16.00000006146729,
      0.0,
      0.0,
      15.000000013969839,
      16.00000006146729,
      15.000000013969839,
      16.00000006146729,
      15.000000013969839,
      16.00000006146729,
      15.000000013969839,
      0.0,
      0.0,
      16.00000006146729,
      15.000000013969839,
      16.00000006146729,
      0.0,
      16.00000006146729,
      15.000000013969839
    ]
  },
  "medium": {
    "count": 30,
    "successes": 30,
    "p50_ms": 7.500000006984919,
    "p95_ms": 15.999999945051968,
    "avg_ms": 31.16666666076829,
    "all_ms": [
      719.0000000409782,
      0.0,
      0.0,
      15.000000013969839,
      0.0,
      0.0,
      0.0,
      15.000000013969839,
      15.999999945051968,
      0.0,
      15.999999945051968,
      15.000000013969839,
      15.999999945051968,
      15.000000013969839,
      0.0,
      15.000000013969839,
      15.999999945051968,
      0.0,
      0.0,
      15.000000013969839,
      15.999999945051968,
      0.0,
      0.0,
      0.0,
      0.0,
      0.0,
      0.0,
      15.000000013969839,
      15.999999945051968,
      15.000000013969839
    ]
  },
  "large": {
    "count": 30,
    "successes": 30,
    "p50_ms": 7.500000006984919,
    "p95_ms": 16.00000006146729,
    "avg_ms": 49.0000000068297,
    "all_ms": [
      1250.0,
      15.999999945051968,
      15.000000013969839,
      15.999999945051968,
      0.0,
      0.0,
      0.0,
      0.0,
      0.0,
      15.000000013969839,
      16.00000006146729,
      0.0,
      16.00000006146729,
      15.000000013969839,
      16.00000006146729,
      15.000000013969839,
      0.0,
      0.0,
      0.0,
      0.0,
      0.0,
      0.0,
      0.0,
      0.0,
      0.0,
      16.00000006146729,
      15.999999945051968,
      16.00000006146729,
      15.999999945051968,
      16.00000006146729
    ]
  }
}